{"cameraMode":{"drawMode":0,"name":"Shaded","section":"Shading Mode"},"sceneLighting":true,"audioPlay":false,"sceneViewState":{"showFog":true,"showMaterialUpdate":false,"showSkybox":true,"showFlares":true,"showImageEffects":true,"showParticleSystems":true},"in2DMode":false,"pivot":{"x":0.12147992849349976,"y":0.7661707997322083,"z":10.029775619506836},"rotation":{"x":-0.02548987977206707,"y":0.023989902809262277,"z":0.0006118732853792608,"w":0.999387264251709},"size":4.641845703125,"orthographic":true}