{"cameraMode":{"drawMode":0,"name":"Shaded","section":"Shading Mode"},"sceneLighting":false,"audioPlay":false,"sceneViewState":{"showFog":true,"showMaterialUpdate":false,"showSkybox":false,"showFlares":true,"showImageEffects":true,"showParticleSystems":true},"in2DMode":false,"pivot":{"x":0.08131617307662964,"y":-1.3709595203399659,"z":0.49880000948905947},"rotation":{"x":0.025496777147054673,"y":0.005998013541102409,"z":-0.00015298250946216285,"w":0.9996569156646729},"size":2.032458543777466,"orthographic":true}