{"cameraMode":{"drawMode":0,"name":"Shaded","section":"Shading Mode"},"sceneLighting":false,"audioPlay":false,"sceneViewState":{"showFog":true,"showMaterialUpdate":false,"showSkybox":false,"showFlares":true,"showImageEffects":true,"showParticleSystems":true},"in2DMode":false,"pivot":{"x":0.11999999731779099,"y":0.05999999865889549,"z":0.49960005283355715},"rotation":{"x":0.025496777147054673,"y":0.005998013541102409,"z":-0.00015298250946216285,"w":0.9996569156646729},"size":0.07225067913532257,"orthographic":true}