{"cameraMode":{"drawMode":0,"name":"Shaded","section":"Shading Mode"},"sceneLighting":false,"audioPlay":false,"sceneViewState":{"showFog":true,"showMaterialUpdate":false,"showSkybox":false,"showFlares":true,"showImageEffects":true,"showParticleSystems":true},"in2DMode":false,"pivot":{"x":0.03896670043468475,"y":-0.05991942062973976,"z":1.0271309614181519},"rotation":{"x":-0.01949656940996647,"y":-0.014996583573520184,"z":-0.00029247032944113016,"w":0.999697208404541},"size":0.22410084307193757,"orthographic":false}